product_id,product,description,
9001,Marketing Suite,"A suite of tools that helps businesses market their products and services. Includes features for email marketing, social media marketing, and website analytics.",
9002,FinanceHub,"A financial management tool that helps businesses track their income, expenses, and cash flow. Includes features for budgeting, forecasting, and reporting.",
9003,ContactMatcher,"A tool that helps businesses find and connect with potential customers. Includes features for lead generation, email marketing, and social media marketing.",
9004,Marketing Suite - Gold,"A premium version of the Marketing Suite that includes additional features, such as A/B testing and lead scoring.",
9005,SaaS Connector Pack,"A pack of connectors that allows businesses to connect their Marketing Suite account to other SaaS applications, such as Salesforce and Google Analytics.",
9006,ChatBot Plugin,"A plugin that allows businesses to add a chatbot to their website. The chatbot can answer customer questions, provide support, and generate leads.",
9007,Site Analytics,"A tool that helps businesses track the traffic to their website. Includes features for website traffic analysis, heatmaps, and conversion tracking.",
9008,OneView,"A centralized dashboard that gives businesses a single view of their marketing data. Includes features for data visualization, reporting, and analytics.",
9009,Support,"A customer support platform that helps businesses provide support to their customers. Includes features for ticket management, knowledge base, and live chat.",
9010,Data Smasher,"A data integration tool that helps businesses integrate their data from different sources. Includes features for data cleansing, data transformation, and data warehousing.",
9011,SaaS Connector Pack - Gold,"A premium version of the SaaS Connector Pack that includes additional connectors, such as Slack and HubSpot.",
9012,Storage,"A cloud storage solution that allows businesses to store their data in the cloud. Includes features for file sharing, collaboration, and disaster recovery.",
9013,Big Ol Database,"A relational database management system that helps businesses store and manage their data. Includes features for data modeling, data querying, and data analysis.",
9014,Alchemy,"A natural language processing platform that helps businesses understand and process human language. Includes features for text analysis, machine translation, and chatbot development.",
,,,
,,,
,,,
,,,
,,,
,,,
,,,
,,,
,,,
,,,
,,,
,,,
,,,
,,,
